Query Sequence,Database,Score,Normalized Score,Median Abundance,# k-mers,Sample ID,Organism,Location,BioSample,BioProject,Project Title,Assay Type,Enrichment Data,K-mer Coordinates,K-mer Abundances,Presence Mask
exon_1,sra-logan-chunks-pex1,154,1,29,154,SRR9136452,"Bos taurus",[GEO],SAMN11874437,PRJNA545120,Bull2_RNA_seq_1,RNA-Seq,"{""acc"":""SRR9136452"",""taxid"":""9913.0"",""title"":""Bull2_RNA_seq_1"",""access"":""public"",""mbases"":""19992.0"",""mbytes"":""7372.0"",""pubmed"":null,""status"":""live"",""consent"":""public"",""kingdom"":""Metazoa"",""latitude"":44.4745645,""organism"":""Bos taurus"",""platform"":""ILLUMINA"",""biosample"":""SAMN11874437"",""longitude"":8.8861313,""sra_study"":""SRP199654"",""assay_type"":""RNA-Seq"",""avgspotlen"":""300.0"",""bioproject"":""PRJNA545120"",""experiment"":""SRX5910201"",""insertsize"":""NA"",""instrument"":""Illumina HiSeq 4000"",""sample_acc"":""SRS4829092"",""center_name"":""GEO"",""releasedate"":""2020-01-02 00:00:00 UTC"",""geo_loc_name"":""[GEO]"",""superkingdom"":""Eukaryota"",""geocoded_from"":""[GEO]"",""librarylayout"":""PAIRED"",""librarysource"":""TRANSCRIPTOMIC"",""libraryselection"":""cDNA"",""geocoding_provider"":""nominatim"",""metagraph_category"":""metazoa"",""geo_loc_name_country_calc"":""NA"",""_location_string_for_geocoding"":""[GEO]"",""geo_loc_name_country_continent_calc"":""NA""}",,0-153=29,
exon_1,sra-logan-chunks-pex1,154,1,13,154,SRR9136449,"Bos taurus",[GEO],SAMN11874440,PRJNA545120,Bull1_RNA_seq_1,RNA-Seq,"{""acc"":""SRR9136449"",""taxid"":""9913.0"",""title"":""Bull1_RNA_seq_1"",""access"":""public"",""mbases"":""20362.0"",""mbytes"":""7769.0"",""pubmed"":null,""status"":""live"",""consent"":""public"",""kingdom"":""Metazoa"",""latitude"":44.4745645,""organism"":""Bos taurus"",""platform"":""ILLUMINA"",""biosample"":""SAMN11874440"",""longitude"":8.8861313,""sra_study"":""SRP199654"",""assay_type"":""RNA-Seq"",""avgspotlen"":""300.0"",""bioproject"":""PRJNA545120"",""experiment"":""SRX5910198"",""insertsize"":""NA"",""instrument"":""Illumina HiSeq 4000"",""sample_acc"":""SRS4829089"",""center_name"":""GEO"",""releasedate"":""2020-01-02 00:00:00 UTC"",""geo_loc_name"":""[GEO]"",""superkingdom"":""Eukaryota"",""geocoded_from"":""[GEO]"",""librarylayout"":""PAIRED"",""librarysource"":""TRANSCRIPTOMIC"",""libraryselection"":""cDNA"",""geocoding_provider"":""nominatim"",""metagraph_category"":""metazoa"",""geo_loc_name_country_calc"":""NA"",""_location_string_for_geocoding"":""[GEO]"",""geo_loc_name_country_continent_calc"":""NA""}",,0-153=13,
exon_1,sra-logan-chunks-pex1,154,1,6,154,SRR2927488,"Bos taurus",[GEO],SAMN04240344,PRJNA301141,serum_female_B2,RNA-Seq,"{""acc"":""SRR2927488"",""taxid"":""9913.0"",""title"":""serum_female_B2"",""access"":""public"",""mbases"":""2212.0"",""mbytes"":""1408.0"",""pubmed"":null,""status"":""live"",""consent"":""public"",""kingdom"":""Metazoa"",""latitude"":44.4745645,""organism"":""Bos taurus"",""platform"":""ILLUMINA"",""biosample"":""SAMN04240344"",""longitude"":8.8861313,""sra_study"":""SRP065800"",""assay_type"":""RNA-Seq"",""avgspotlen"":""200.0"",""bioproject"":""PRJNA301141"",""experiment"":""SRX1418085"",""insertsize"":""NA"",""instrument"":""Illumina HiSeq 2000"",""sample_acc"":""SRS1152227"",""center_name"":""GEO"",""releasedate"":""2016-01-28 00:00:00 UTC"",""geo_loc_name"":""[GEO]"",""superkingdom"":""Eukaryota"",""geocoded_from"":""[GEO]"",""librarylayout"":""PAIRED"",""librarysource"":""TRANSCRIPTOMIC"",""libraryselection"":""cDNA"",""geocoding_provider"":""nominatim"",""metagraph_category"":""metazoa"",""geo_loc_name_country_calc"":""NA"",""_location_string_for_geocoding"":""[GEO]"",""geo_loc_name_country_continent_calc"":""NA""}",,0-153=6,
exon_1,sra-logan-chunks-pex1,154,1,5,154,SRR9136453,"Bos taurus",[GEO],SAMN11874436,PRJNA545120,Bull2_RNA_seq_2,RNA-Seq,"{""acc"":""SRR9136453"",""taxid"":""9913.0"",""title"":""Bull2_RNA_seq_2"",""access"":""public"",""mbases"":""19161.0"",""mbytes"":""7268.0"",""pubmed"":null,""status"":""live"",""consent"":""public"",""kingdom"":""Metazoa"",""latitude"":44.4745645,""organism"":""Bos taurus"",""platform"":""ILLUMINA"",""biosample"":""SAMN11874436"",""longitude"":8.8861313,""sra_study"":""SRP199654"",""assay_type"":""RNA-Seq"",""avgspotlen"":""300.0"",""bioproject"":""PRJNA545120"",""experiment"":""SRX5910202"",""insertsize"":""NA"",""instrument"":""Illumina HiSeq 4000"",""sample_acc"":""SRS4829093"",""center_name"":""GEO"",""releasedate"":""2020-01-02 00:00:00 UTC"",""geo_loc_name"":""[GEO]"",""superkingdom"":""Eukaryota"",""geocoded_from"":""[GEO]"",""librarylayout"":""PAIRED"",""librarysource"":""TRANSCRIPTOMIC"",""libraryselection"":""cDNA"",""geocoding_provider"":""nominatim"",""metagraph_category"":""metazoa"",""geo_loc_name_country_calc"":""NA"",""_location_string_for_geocoding"":""[GEO]"",""geo_loc_name_country_continent_calc"":""NA""}",,0-153=5,
exon_1,sra-logan-chunks-pex1,154,1,5,154,ERR6509763,"Bos taurus","[ETH ZURICH]",SAMEA9540568,PRJEB46995,"testis tissue",RNA-Seq,"{""acc"":""ERR6509763"",""taxid"":""9913.0"",""title"":""testis tissue"",""access"":""public"",""mbases"":""51718.0"",""mbytes"":""15704.0"",""pubmed"":null,""status"":""live"",""consent"":""public"",""kingdom"":""Metazoa"",""latitude"":47.413218,""organism"":""Bos taurus"",""platform"":""ILLUMINA"",""biosample"":""SAMEA9540568"",""longitude"":8.5374914,""sra_study"":""ERP131230"",""assay_type"":""RNA-Seq"",""avgspotlen"":""302.0"",""bioproject"":""PRJEB46995"",""experiment"":""ERX6136648"",""insertsize"":""NA"",""instrument"":""Illumina NovaSeq 6000"",""sample_acc"":""ERS7263339"",""center_name"":""ETH ZURICH"",""releasedate"":""2021-09-27 00:00:00 UTC"",""geo_loc_name"":""[ETH ZURICH]"",""superkingdom"":""Eukaryota"",""geocoded_from"":""[ETH ZURICH]"",""librarylayout"":""PAIRED"",""librarysource"":""TRANSCRIPTOMIC"",""libraryselection"":""RANDOM"",""geocoding_provider"":""nominatim"",""metagraph_category"":""metazoa"",""geo_loc_name_country_calc"":""NA"",""_location_string_for_geocoding"":""[ETH ZURICH]"",""geo_loc_name_country_continent_calc"":""NA""}",,0-153=5,
exon_1,sra-logan-chunks-pex1,154,1,4,154,SRR16005354,"Bos taurus",[GEO],SAMN21546960,PRJNA765211,"Rumen papillae, S2502Nr36",RNA-Seq,"{""acc"":""SRR16005354"",""taxid"":""9913.0"",""title"":""Rumen papillae, S2502Nr36"",""access"":""public"",""mbases"":""17415.0"",""mbytes"":""5584.0"",""pubmed"":null,""status"":""live"",""consent"":""public"",""kingdom"":""Metazoa"",""latitude"":44.4745645,""organism"":""Bos taurus"",""platform"":""ILLUMINA"",""biosample"":""SAMN21546960"",""longitude"":8.8861313,""sra_study"":""SRP338190"",""assay_type"":""RNA-Seq"",""avgspotlen"":""196.0"",""bioproject"":""PRJNA765211"",""experiment"":""SRX12293032"",""insertsize"":""NA"",""instrument"":""Illumina NovaSeq 6000"",""sample_acc"":""SRS10266726"",""center_name"":""GEO"",""releasedate"":""2021-09-26 00:00:00 UTC"",""geo_loc_name"":""[GEO]"",""superkingdom"":""Eukaryota"",""geocoded_from"":""[GEO]"",""librarylayout"":""PAIRED"",""librarysource"":""TRANSCRIPTOMIC"",""libraryselection"":""cDNA"",""geocoding_provider"":""nominatim"",""metagraph_category"":""metazoa"",""geo_loc_name_country_calc"":""NA"",""_location_string_for_geocoding"":""[GEO]"",""geo_loc_name_country_continent_calc"":""NA""}",,0-153=4,
exon_1,sra-logan-chunks-pex1,154,1,3,154,ERR11530957,"Bos taurus",Switzerland,SAMEA113578974,PRJEB46995,taurine,RNA-Seq,"{""acc"":""ERR11530957"",""taxid"":""9913.0"",""title"":""taurine"",""access"":""public"",""mbases"":""46634.0"",""mbytes"":""13576.0"",""pubmed"":null,""status"":""live"",""consent"":""public"",""kingdom"":""Metazoa"",""latitude"":46.8182,""organism"":""Bos taurus"",""platform"":""ILLUMINA"",""biosample"":""SAMEA113578974"",""longitude"":8.2275,""sra_study"":""ERP131230"",""assay_type"":""RNA-Seq"",""avgspotlen"":""302.0"",""bioproject"":""PRJEB46995"",""experiment"":""ERX10935502"",""insertsize"":""NA"",""instrument"":""Illumina NovaSeq 6000"",""sample_acc"":""ERS15573886"",""center_name"":""ETH ZURICH"",""releasedate"":""2023-09-16 00:00:00 UTC"",""geo_loc_name"":""Switzerland"",""superkingdom"":""Eukaryota"",""geocoded_from"":""Switzerland"",""librarylayout"":""PAIRED"",""librarysource"":""TRANSCRIPTOMIC"",""libraryselection"":""RANDOM"",""geocoding_provider"":""cached"",""metagraph_category"":""metazoa"",""geo_loc_name_country_calc"":""Switzerland"",""_location_string_for_geocoding"":""Switzerland"",""geo_loc_name_country_continent_calc"":""Europe""}",,0-153=3,
exon_1,sra-logan-chunks-pex1,154,1,3,154,ERR11560054,"Bos taurus",Switzerland,SAMEA113601267,PRJEB46995,taurine,RNA-Seq,"{""acc"":""ERR11560054"",""taxid"":""9913.0"",""title"":""taurine"",""access"":""public"",""mbases"":""44357.0"",""mbytes"":""13128.0"",""pubmed"":null,""status"":""live"",""consent"":""public"",""kingdom"":""Metazoa"",""latitude"":46.8182,""organism"":""Bos taurus"",""platform"":""ILLUMINA"",""biosample"":""SAMEA113601267"",""longitude"":8.2275,""sra_study"":""ERP131230"",""assay_type"":""RNA-Seq"",""avgspotlen"":""302.0"",""bioproject"":""PRJEB46995"",""experiment"":""ERX10964282"",""insertsize"":""NA"",""instrument"":""Illumina NovaSeq 6000"",""sample_acc"":""ERS15595649"",""center_name"":""ETH ZURICH"",""releasedate"":""2023-09-16 00:00:00 UTC"",""geo_loc_name"":""Switzerland"",""superkingdom"":""Eukaryota"",""geocoded_from"":""Switzerland"",""librarylayout"":""PAIRED"",""librarysource"":""TRANSCRIPTOMIC"",""libraryselection"":""RANDOM"",""geocoding_provider"":""cached"",""metagraph_category"":""metazoa"",""geo_loc_name_country_calc"":""Switzerland"",""_location_string_for_geocoding"":""Switzerland"",""geo_loc_name_country_continent_calc"":""Europe""}",,0-153=3,
exon_1,sra-logan-chunks-pex1,154,1,2,154,ERR11560014,"Bos taurus",Switzerland,SAMEA113601227,PRJEB46995,taurine,RNA-Seq,"{""acc"":""ERR11560014"",""taxid"":""9913.0"",""title"":""taurine"",""access"":""public"",""mbases"":""32084.0"",""mbytes"":""9508.0"",""pubmed"":null,""status"":""live"",""consent"":""public"",""kingdom"":""Metazoa"",""latitude"":46.8182,""organism"":""Bos taurus"",""platform"":""ILLUMINA"",""biosample"":""SAMEA113601227"",""longitude"":8.2275,""sra_study"":""ERP131230"",""assay_type"":""RNA-Seq"",""avgspotlen"":""302.0"",""bioproject"":""PRJEB46995"",""experiment"":""ERX10964242"",""insertsize"":""NA"",""instrument"":""Illumina NovaSeq 6000"",""sample_acc"":""ERS15595609"",""center_name"":""ETH ZURICH"",""releasedate"":""2023-09-16 00:00:00 UTC"",""geo_loc_name"":""Switzerland"",""superkingdom"":""Eukaryota"",""geocoded_from"":""Switzerland"",""librarylayout"":""PAIRED"",""librarysource"":""TRANSCRIPTOMIC"",""libraryselection"":""RANDOM"",""geocoding_provider"":""cached"",""metagraph_category"":""metazoa"",""geo_loc_name_country_calc"":""Switzerland"",""_location_string_for_geocoding"":""Switzerland"",""geo_loc_name_country_continent_calc"":""Europe""}",,0-153=2,
exon_1,sra-logan-chunks-pex1,153,0.993506,3,153,ERR6509770,"Bos taurus","[ETH ZURICH]",SAMEA9540575,PRJEB46995,"testis tissue",RNA-Seq,"{""acc"":""ERR6509770"",""taxid"":""9913.0"",""title"":""testis tissue"",""access"":""public"",""mbases"":""39070.0"",""mbytes"":""11749.0"",""pubmed"":null,""status"":""live"",""consent"":""public"",""kingdom"":""Metazoa"",""latitude"":47.413218,""organism"":""Bos taurus"",""platform"":""ILLUMINA"",""biosample"":""SAMEA9540575"",""longitude"":8.5374914,""sra_study"":""ERP131230"",""assay_type"":""RNA-Seq"",""avgspotlen"":""302.0"",""bioproject"":""PRJEB46995"",""experiment"":""ERX6136655"",""insertsize"":""NA"",""instrument"":""Illumina NovaSeq 6000"",""sample_acc"":""ERS7263346"",""center_name"":""ETH ZURICH"",""releasedate"":""2021-09-27 00:00:00 UTC"",""geo_loc_name"":""[ETH ZURICH]"",""superkingdom"":""Eukaryota"",""geocoded_from"":""[ETH ZURICH]"",""librarylayout"":""PAIRED"",""librarysource"":""TRANSCRIPTOMIC"",""libraryselection"":""RANDOM"",""geocoding_provider"":""nominatim"",""metagraph_category"":""metazoa"",""geo_loc_name_country_calc"":""NA"",""_location_string_for_geocoding"":""[ETH ZURICH]"",""geo_loc_name_country_continent_calc"":""NA""}",,1-153=3,
exon_1,sra-logan-chunks-pex1,147,0.954545,2,147,SRR4239818,"Bos taurus",[GEO],SAMN05763291,PRJNA342705,Embryo3,RNA-Seq,"{""acc"":""SRR4239818"",""taxid"":""9913.0"",""title"":""Embryo3"",""access"":""public"",""mbases"":""20175.0"",""mbytes"":""7682.0"",""pubmed"":null,""status"":""live"",""consent"":""public"",""kingdom"":""Metazoa"",""latitude"":44.4745645,""organism"":""Bos taurus"",""platform"":""ILLUMINA"",""biosample"":""SAMN05763291"",""longitude"":8.8861313,""sra_study"":""SRP089739"",""assay_type"":""RNA-Seq"",""avgspotlen"":""300.0"",""bioproject"":""PRJNA342705"",""experiment"":""SRX2160809"",""insertsize"":""NA"",""instrument"":""Illumina HiSeq 2500"",""sample_acc"":""SRS1689528"",""center_name"":""GEO"",""releasedate"":""2017-07-12 00:00:00 UTC"",""geo_loc_name"":""[GEO]"",""superkingdom"":""Eukaryota"",""geocoded_from"":""[GEO]"",""librarylayout"":""PAIRED"",""librarysource"":""TRANSCRIPTOMIC"",""libraryselection"":""cDNA"",""geocoding_provider"":""nominatim"",""metagraph_category"":""metazoa"",""geo_loc_name_country_calc"":""NA"",""_location_string_for_geocoding"":""[GEO]"",""geo_loc_name_country_continent_calc"":""NA""}",,6-152=2,
exon_1,sra-logan-chunks-pex1,147,0.954545,2,147,SRR12004776,"Bos taurus","[GUANGXI UNIVERSITY]",SAMN15222112,PRJNA639046,"Model organism or animal sample from Bos taurus",RNA-Seq,"{""acc"":""SRR12004776"",""taxid"":""9913.0"",""title"":""Model organism or animal sample from Bos taurus"",""access"":""public"",""mbases"":""20175.0"",""mbytes"":""7682.0"",""pubmed"":null,""status"":""live"",""consent"":""public"",""kingdom"":""Metazoa"",""latitude"":22.8472107,""organism"":""Bos taurus"",""platform"":""ILLUMINA"",""biosample"":""SAMN15222112"",""longitude"":108.291356,""sra_study"":""SRP267098"",""assay_type"":""RNA-Seq"",""avgspotlen"":""300.0"",""bioproject"":""PRJNA639046"",""experiment"":""SRX8537983"",""insertsize"":""NA"",""instrument"":""Illumina HiSeq 2500"",""sample_acc"":""SRS6832930"",""center_name"":""GUANGXI UNIVERSITY"",""releasedate"":""2021-03-18 00:00:00 UTC"",""geo_loc_name"":""[GUANGXI UNIVERSITY]"",""superkingdom"":""Eukaryota"",""geocoded_from"":""GUANGXI UNIVERSITY"",""librarylayout"":""PAIRED"",""librarysource"":""TRANSCRIPTOMIC"",""libraryselection"":""cDNA"",""geocoding_provider"":""nominatim"",""metagraph_category"":""metazoa"",""geo_loc_name_country_calc"":""NA"",""_location_string_for_geocoding"":""[GUANGXI UNIVERSITY]"",""geo_loc_name_country_continent_calc"":""NA""}",,6-152=2,
exon_1,sra-logan-chunks-pex1,138,0.896104,2,138,ERR11560032,"Bos taurus",Switzerland,SAMEA113601245,PRJEB46995,taurine,RNA-Seq,"{""acc"":""ERR11560032"",""taxid"":""9913.0"",""title"":""taurine"",""access"":""public"",""mbases"":""48191.0"",""mbytes"":""14228.0"",""pubmed"":null,""status"":""live"",""consent"":""public"",""kingdom"":""Metazoa"",""latitude"":46.8182,""organism"":""Bos taurus"",""platform"":""ILLUMINA"",""biosample"":""SAMEA113601245"",""longitude"":8.2275,""sra_study"":""ERP131230"",""assay_type"":""RNA-Seq"",""avgspotlen"":""302.0"",""bioproject"":""PRJEB46995"",""experiment"":""ERX10964260"",""insertsize"":""NA"",""instrument"":""Illumina NovaSeq 6000"",""sample_acc"":""ERS15595627"",""center_name"":""ETH ZURICH"",""releasedate"":""2023-09-16 00:00:00 UTC"",""geo_loc_name"":""Switzerland"",""superkingdom"":""Eukaryota"",""geocoded_from"":""Switzerland"",""librarylayout"":""PAIRED"",""librarysource"":""TRANSCRIPTOMIC"",""libraryselection"":""RANDOM"",""geocoding_provider"":""cached"",""metagraph_category"":""metazoa"",""geo_loc_name_country_calc"":""Switzerland"",""_location_string_for_geocoding"":""Switzerland"",""geo_loc_name_country_continent_calc"":""Europe""}",,16-153=2,
exon_1,sra-logan-chunks-pex1,137,0.88961,3,137,ERR6509803,"Bos taurus","[ETH ZURICH]",SAMEA9540608,PRJEB46995,"testis tissue",RNA-Seq,"{""acc"":""ERR6509803"",""taxid"":""9913.0"",""title"":""testis tissue"",""access"":""public"",""mbases"":""44630.0"",""mbytes"":""13468.0"",""pubmed"":null,""status"":""live"",""consent"":""public"",""kingdom"":""Metazoa"",""latitude"":47.413218,""organism"":""Bos taurus"",""platform"":""ILLUMINA"",""biosample"":""SAMEA9540608"",""longitude"":8.5374914,""sra_study"":""ERP131230"",""assay_type"":""RNA-Seq"",""avgspotlen"":""302.0"",""bioproject"":""PRJEB46995"",""experiment"":""ERX6136688"",""insertsize"":""NA"",""instrument"":""Illumina NovaSeq 6000"",""sample_acc"":""ERS7263379"",""center_name"":""ETH ZURICH"",""releasedate"":""2021-09-27 00:00:00 UTC"",""geo_loc_name"":""[ETH ZURICH]"",""superkingdom"":""Eukaryota"",""geocoded_from"":""[ETH ZURICH]"",""librarylayout"":""PAIRED"",""librarysource"":""TRANSCRIPTOMIC"",""libraryselection"":""RANDOM"",""geocoding_provider"":""nominatim"",""metagraph_category"":""metazoa"",""geo_loc_name_country_calc"":""NA"",""_location_string_for_geocoding"":""[ETH ZURICH]"",""geo_loc_name_country_continent_calc"":""NA""}",,17-153=3,
exon_1,sra-logan-chunks-pex1,135,0.876623,4,135,ERR6509732,"Bos taurus","[ETH ZURICH]",SAMEA9540537,PRJEB46995,"testis tissue",RNA-Seq,"{""acc"":""ERR6509732"",""taxid"":""9913.0"",""title"":""testis tissue"",""access"":""public"",""mbases"":""35700.0"",""mbytes"":""10888.0"",""pubmed"":null,""status"":""live"",""consent"":""public"",""kingdom"":""Metazoa"",""latitude"":47.413218,""organism"":""Bos taurus"",""platform"":""ILLUMINA"",""biosample"":""SAMEA9540537"",""longitude"":8.5374914,""sra_study"":""ERP131230"",""assay_type"":""RNA-Seq"",""avgspotlen"":""302.0"",""bioproject"":""PRJEB46995"",""experiment"":""ERX6136617"",""insertsize"":""NA"",""instrument"":""Illumina NovaSeq 6000"",""sample_acc"":""ERS7263308"",""center_name"":""ETH ZURICH"",""releasedate"":""2021-09-27 00:00:00 UTC"",""geo_loc_name"":""[ETH ZURICH]"",""superkingdom"":""Eukaryota"",""geocoded_from"":""[ETH ZURICH]"",""librarylayout"":""PAIRED"",""librarysource"":""TRANSCRIPTOMIC"",""libraryselection"":""RANDOM"",""geocoding_provider"":""nominatim"",""metagraph_category"":""metazoa"",""geo_loc_name_country_calc"":""NA"",""_location_string_for_geocoding"":""[ETH ZURICH]"",""geo_loc_name_country_continent_calc"":""NA""}",,19-153=4,
exon_1,sra-logan-chunks-pex1,135,0.876623,3,135,ERR10186696,"Bos taurus","[ETH ZURICH]",SAMEA111328923,PRJEB46995,taurine,RNA-Seq,"{""acc"":""ERR10186696"",""taxid"":""9913.0"",""title"":""taurine"",""access"":""public"",""mbases"":""42042.0"",""mbytes"":""12123.0"",""pubmed"":null,""status"":""live"",""consent"":""public"",""kingdom"":""Metazoa"",""latitude"":47.413218,""organism"":""Bos taurus"",""platform"":""ILLUMINA"",""biosample"":""SAMEA111328923"",""longitude"":8.5374914,""sra_study"":""ERP131230"",""assay_type"":""RNA-Seq"",""avgspotlen"":""302.0"",""bioproject"":""PRJEB46995"",""experiment"":""ERX9722285"",""insertsize"":""NA"",""instrument"":""Illumina NovaSeq 6000"",""sample_acc"":""ERS13426488"",""center_name"":""ETH ZURICH"",""releasedate"":""2022-09-15 00:00:00 UTC"",""geo_loc_name"":""[ETH ZURICH]"",""superkingdom"":""Eukaryota"",""geocoded_from"":""[ETH ZURICH]"",""librarylayout"":""PAIRED"",""librarysource"":""TRANSCRIPTOMIC"",""libraryselection"":""RANDOM"",""geocoding_provider"":""nominatim"",""metagraph_category"":""metazoa"",""geo_loc_name_country_calc"":""NA"",""_location_string_for_geocoding"":""[ETH ZURICH]"",""geo_loc_name_country_continent_calc"":""NA""}",,19-153=3,
exon_1,sra-logan-chunks-pex1,131,0.850649,4,131,ERR11560003,"Bos taurus",Switzerland,SAMEA113601216,PRJEB46995,taurine,RNA-Seq,"{""acc"":""ERR11560003"",""taxid"":""9913.0"",""title"":""taurine"",""access"":""public"",""mbases"":""46856.0"",""mbytes"":""13802.0"",""pubmed"":null,""status"":""live"",""consent"":""public"",""kingdom"":""Metazoa"",""latitude"":46.8182,""organism"":""Bos taurus"",""platform"":""ILLUMINA"",""biosample"":""SAMEA113601216"",""longitude"":8.2275,""sra_study"":""ERP131230"",""assay_type"":""RNA-Seq"",""avgspotlen"":""302.0"",""bioproject"":""PRJEB46995"",""experiment"":""ERX10964231"",""insertsize"":""NA"",""instrument"":""Illumina NovaSeq 6000"",""sample_acc"":""ERS15595598"",""center_name"":""ETH ZURICH"",""releasedate"":""2023-09-16 00:00:00 UTC"",""geo_loc_name"":""Switzerland"",""superkingdom"":""Eukaryota"",""geocoded_from"":""Switzerland"",""librarylayout"":""PAIRED"",""librarysource"":""TRANSCRIPTOMIC"",""libraryselection"":""RANDOM"",""geocoding_provider"":""cached"",""metagraph_category"":""metazoa"",""geo_loc_name_country_calc"":""Switzerland"",""_location_string_for_geocoding"":""Switzerland"",""geo_loc_name_country_continent_calc"":""Europe""}",,0-24=3:48-153=4,
exon_1,sra-logan-chunks-pex1,130,0.844156,3,130,ERR11560010,"Bos taurus",Switzerland,SAMEA113601223,PRJEB46995,taurine,RNA-Seq,"{""acc"":""ERR11560010"",""taxid"":""9913.0"",""title"":""taurine"",""access"":""public"",""mbases"":""42234.0"",""mbytes"":""12678.0"",""pubmed"":null,""status"":""live"",""consent"":""public"",""kingdom"":""Metazoa"",""latitude"":46.8182,""organism"":""Bos taurus"",""platform"":""ILLUMINA"",""biosample"":""SAMEA113601223"",""longitude"":8.2275,""sra_study"":""ERP131230"",""assay_type"":""RNA-Seq"",""avgspotlen"":""302.0"",""bioproject"":""PRJEB46995"",""experiment"":""ERX10964238"",""insertsize"":""NA"",""instrument"":""Illumina NovaSeq 6000"",""sample_acc"":""ERS15595605"",""center_name"":""ETH ZURICH"",""releasedate"":""2023-09-16 00:00:00 UTC"",""geo_loc_name"":""Switzerland"",""superkingdom"":""Eukaryota"",""geocoded_from"":""Switzerland"",""librarylayout"":""PAIRED"",""librarysource"":""TRANSCRIPTOMIC"",""libraryselection"":""RANDOM"",""geocoding_provider"":""cached"",""metagraph_category"":""metazoa"",""geo_loc_name_country_calc"":""Switzerland"",""_location_string_for_geocoding"":""Switzerland"",""geo_loc_name_country_continent_calc"":""Europe""}",,24-153=3,
exon_1,sra-logan-chunks-pex1,129,0.837662,3,129,ERR10186698,"Bos taurus","[ETH ZURICH]",SAMEA111328925,PRJEB46995,taurine,RNA-Seq,"{""acc"":""ERR10186698"",""taxid"":""9913.0"",""title"":""taurine"",""access"":""public"",""mbases"":""43626.0"",""mbytes"":""12608.0"",""pubmed"":null,""status"":""live"",""consent"":""public"",""kingdom"":""Metazoa"",""latitude"":47.413218,""organism"":""Bos taurus"",""platform"":""ILLUMINA"",""biosample"":""SAMEA111328925"",""longitude"":8.5374914,""sra_study"":""ERP131230"",""assay_type"":""RNA-Seq"",""avgspotlen"":""302.0"",""bioproject"":""PRJEB46995"",""experiment"":""ERX9722287"",""insertsize"":""NA"",""instrument"":""Illumina NovaSeq 6000"",""sample_acc"":""ERS13426490"",""center_name"":""ETH ZURICH"",""releasedate"":""2022-09-15 00:00:00 UTC"",""geo_loc_name"":""[ETH ZURICH]"",""superkingdom"":""Eukaryota"",""geocoded_from"":""[ETH ZURICH]"",""librarylayout"":""PAIRED"",""librarysource"":""TRANSCRIPTOMIC"",""libraryselection"":""RANDOM"",""geocoding_provider"":""nominatim"",""metagraph_category"":""metazoa"",""geo_loc_name_country_calc"":""NA"",""_location_string_for_geocoding"":""[ETH ZURICH]"",""geo_loc_name_country_continent_calc"":""NA""}",,25-153=3,
exon_1,sra-logan-chunks-pex1,127,0.824675,2,127,ERR10186699,"Bos taurus","[ETH ZURICH]",SAMEA111328926,PRJEB46995,taurine,RNA-Seq,"{""acc"":""ERR10186699"",""taxid"":""9913.0"",""title"":""taurine"",""access"":""public"",""mbases"":""36513.0"",""mbytes"":""10511.0"",""pubmed"":null,""status"":""live"",""consent"":""public"",""kingdom"":""Metazoa"",""latitude"":47.413218,""organism"":""Bos taurus"",""platform"":""ILLUMINA"",""biosample"":""SAMEA111328926"",""longitude"":8.5374914,""sra_study"":""ERP131230"",""assay_type"":""RNA-Seq"",""avgspotlen"":""302.0"",""bioproject"":""PRJEB46995"",""experiment"":""ERX9722288"",""insertsize"":""NA"",""instrument"":""Illumina NovaSeq 6000"",""sample_acc"":""ERS13426491"",""center_name"":""ETH ZURICH"",""releasedate"":""2022-09-15 00:00:00 UTC"",""geo_loc_name"":""[ETH ZURICH]"",""superkingdom"":""Eukaryota"",""geocoded_from"":""[ETH ZURICH]"",""librarylayout"":""PAIRED"",""librarysource"":""TRANSCRIPTOMIC"",""libraryselection"":""RANDOM"",""geocoding_provider"":""nominatim"",""metagraph_category"":""metazoa"",""geo_loc_name_country_calc"":""NA"",""_location_string_for_geocoding"":""[ETH ZURICH]"",""geo_loc_name_country_continent_calc"":""NA""}",,27-153=2,
exon_1,sra-logan-chunks-pex1,123,0.798701,12,123,SRR12790244,"Bos taurus","[OHANA BIOSCIENCES]",SAMN16357083,PRJNA667172,"Spermatids from Holstein bull",RNA-Seq,"{""acc"":""SRR12790244"",""taxid"":""9913.0"",""title"":""Spermatids from Holstein bull"",""access"":""public"",""mbases"":""922.0"",""mbytes"":""366.0"",""pubmed"":null,""status"":""live"",""consent"":""public"",""kingdom"":""Metazoa"",""organism"":""Bos taurus"",""platform"":""ILLUMINA"",""biosample"":""SAMN16357083"",""sra_study"":""SRP286678"",""assay_type"":""RNA-Seq"",""avgspotlen"":""150.0"",""bioproject"":""PRJNA667172"",""experiment"":""SRX9259497"",""insertsize"":""NA"",""instrument"":""NextSeq 500"",""sample_acc"":""SRS7490417"",""center_name"":""OHANA BIOSCIENCES"",""releasedate"":""2021-02-09 00:00:00 UTC"",""geo_loc_name"":""[OHANA BIOSCIENCES]"",""superkingdom"":""Eukaryota"",""geocoded_from"":""OHANA BIOSCIENCES"",""librarylayout"":""PAIRED"",""librarysource"":""TRANSCRIPTOMIC SINGLE CELL"",""geocoding_status"":""queued"",""libraryselection"":""Oligo-dT"",""metagraph_category"":""metazoa"",""geo_loc_name_country_calc"":""NA"",""_location_string_for_geocoding"":""[OHANA BIOSCIENCES]"",""geo_loc_name_country_continent_calc"":""NA"",""latitude"":45.4213237,""longitude"":-75.6811621,""geocoding_provider"":""nominatim""}",,0-104=12:136-153=12,
exon_1,sra-logan-chunks-pex1,123,0.798701,4,123,SRR15462278,"Bos taurus","[ZHEJIANG UNIVERSITY]",SAMN20588829,PRJNA752262,"Model organism or animal sample from Bos taurus",RNA-Seq,"{""acc"":""SRR15462278"",""taxid"":""9913.0"",""title"":""Model organism or animal sample from Bos taurus"",""access"":""public"",""mbases"":""6381.0"",""mbytes"":""2452.0"",""pubmed"":null,""status"":""live"",""consent"":""public"",""kingdom"":""Metazoa"",""latitude"":30.521595,""organism"":""Bos taurus"",""platform"":""ILLUMINA"",""biosample"":""SAMN20588829"",""longitude"":120.7195312,""sra_study"":""SRP332622"",""assay_type"":""RNA-Seq"",""avgspotlen"":""300.0"",""bioproject"":""PRJNA752262"",""experiment"":""SRX11761456"",""insertsize"":""NA"",""instrument"":""HiSeq X Ten"",""sample_acc"":""SRS9779988"",""center_name"":""ZHEJIANG UNIVERSITY"",""releasedate"":""2022-03-31 00:00:00 UTC"",""geo_loc_name"":""[ZHEJIANG UNIVERSITY]"",""superkingdom"":""Eukaryota"",""geocoded_from"":""ZHEJIANG UNIVERSITY"",""librarylayout"":""PAIRED"",""librarysource"":""TRANSCRIPTOMIC"",""libraryselection"":""cDNA"",""geocoding_provider"":""nominatim"",""metagraph_category"":""metazoa"",""geo_loc_name_country_calc"":""NA"",""_location_string_for_geocoding"":""[ZHEJIANG UNIVERSITY]"",""geo_loc_name_country_continent_calc"":""NA""}",,0-58=5:90-153=4,
exon_1,sra-logan-chunks-pex1,118,0.766234,4,118,ERR6509752,"Bos taurus","[ETH ZURICH]",SAMEA9540557,PRJEB46995,"testis tissue",RNA-Seq,"{""acc"":""ERR6509752"",""taxid"":""9913.0"",""title"":""testis tissue"",""access"":""public"",""mbases"":""44830.0"",""mbytes"":""13588.0"",""pubmed"":null,""status"":""live"",""consent"":""public"",""kingdom"":""Metazoa"",""latitude"":47.413218,""organism"":""Bos taurus"",""platform"":""ILLUMINA"",""biosample"":""SAMEA9540557"",""longitude"":8.5374914,""sra_study"":""ERP131230"",""assay_type"":""RNA-Seq"",""avgspotlen"":""302.0"",""bioproject"":""PRJEB46995"",""experiment"":""ERX6136637"",""insertsize"":""NA"",""instrument"":""Illumina NovaSeq 6000"",""sample_acc"":""ERS7263328"",""center_name"":""ETH ZURICH"",""releasedate"":""2021-09-27 00:00:00 UTC"",""geo_loc_name"":""[ETH ZURICH]"",""superkingdom"":""Eukaryota"",""geocoded_from"":""[ETH ZURICH]"",""librarylayout"":""PAIRED"",""librarysource"":""TRANSCRIPTOMIC"",""libraryselection"":""RANDOM"",""geocoding_provider"":""nominatim"",""metagraph_category"":""metazoa"",""geo_loc_name_country_calc"":""NA"",""_location_string_for_geocoding"":""[ETH ZURICH]"",""geo_loc_name_country_continent_calc"":""NA""}",,36-153=4,
exon_1,sra-logan-chunks-pex1,118,0.766234,3,118,SRR12324612,"Bos taurus","[UNIVERSITY OF NEBRASKA AT LINCOLN]",SAMN15638834,PRJNA648345,CNT_1,RNA-Seq,"{""acc"":""SRR12324612"",""taxid"":""9913.0"",""title"":""CNT_1"",""access"":""public"",""mbases"":""3821.0"",""mbytes"":""1655.0"",""pubmed"":null,""status"":""live"",""consent"":""public"",""kingdom"":""Metazoa"",""organism"":""Bos taurus"",""platform"":""ILLUMINA"",""biosample"":""SAMN15638834"",""sra_study"":""SRP273560"",""assay_type"":""RNA-Seq"",""avgspotlen"":""142.0"",""bioproject"":""PRJNA648345"",""experiment"":""SRX8824832"",""insertsize"":""NA"",""instrument"":""NextSeq 500"",""sample_acc"":""SRS7089799"",""center_name"":""UNIVERSITY OF NEBRASKA AT LINCOLN"",""releasedate"":""2021-08-31 00:00:00 UTC"",""geo_loc_name"":""[UNIVERSITY OF NEBRASKA AT LINCOLN]"",""superkingdom"":""Eukaryota"",""geocoded_from"":""UNIVERSITY OF NEBRASKA AT LINCOLN"",""librarylayout"":""PAIRED"",""librarysource"":""TRANSCRIPTOMIC"",""geocoding_status"":""queued"",""libraryselection"":""RANDOM PCR"",""metagraph_category"":""metazoa"",""geo_loc_name_country_calc"":""NA"",""_location_string_for_geocoding"":""[UNIVERSITY OF NEBRASKA AT LINCOLN]"",""geo_loc_name_country_continent_calc"":""NA"",""latitude"":40.8088861,""longitude"":-96.7077751,""geocoding_provider"":""nominatim""}",,6-123=3,
exon_1,sra-logan-chunks-pex1,116,0.753247,3,116,SRR26217673,"Bos taurus","[ANIMAL SCIENCES, UNIVERSITY OF CALIFORNIA, DAVIS]",SAMN37605392,PRJNA1022403,"bovine fetal testis (mixed samples)",RNA-Seq,"{""acc"":""SRR26217673"",""taxid"":""9913.0"",""title"":""bovine fetal testis (mixed samples)"",""access"":""public"",""mbases"":""124819.0"",""mbytes"":""44927.0"",""pubmed"":null,""status"":""live"",""consent"":""public"",""kingdom"":""Metazoa"",""latitude"":40.7474784,""organism"":""Bos taurus"",""platform"":""ILLUMINA"",""biosample"":""SAMN37605392"",""longitude"":-92.3965311,""sra_study"":""SRP463843"",""assay_type"":""RNA-Seq"",""avgspotlen"":""302.0"",""bioproject"":""PRJNA1022403"",""experiment"":""SRX21928048"",""insertsize"":""NA"",""instrument"":""Illumina NovaSeq 6000"",""sample_acc"":""SRS19012386"",""center_name"":""ANIMAL SCIENCES, UNIVERSITY OF CALIFORNIA, DAVIS"",""releasedate"":""2023-11-15 00:00:00 UTC"",""geo_loc_name"":""[ANIMAL SCIENCES, UNIVERSITY OF CALIFORNIA, DAVIS]"",""superkingdom"":""Eukaryota"",""geocoded_from"":""ANIMAL SCIENCES, UNIVERSITY OF CALIFORNIA, DAVIS"",""librarylayout"":""PAIRED"",""librarysource"":""TRANSCRIPTOMIC SINGLE CELL"",""libraryselection"":""cDNA"",""geocoding_provider"":""nominatim"",""metagraph_category"":""metazoa"",""geo_loc_name_country_calc"":""uncalculated"",""_location_string_for_geocoding"":""[ANIMAL SCIENCES, UNIVERSITY OF CALIFORNIA, DAVIS]"",""geo_loc_name_country_continent_calc"":""uncalculated""}",,38-153=3,
exon_1,sra-logan-chunks-pex1,115,0.746753,5,115,ERR10186703,"Bos taurus","[ETH ZURICH]",SAMEA111328930,PRJEB46995,taurine,RNA-Seq,"{""acc"":""ERR10186703"",""taxid"":""9913.0"",""title"":""taurine"",""access"":""public"",""mbases"":""42378.0"",""mbytes"":""12233.0"",""pubmed"":null,""status"":""live"",""consent"":""public"",""kingdom"":""Metazoa"",""latitude"":47.413218,""organism"":""Bos taurus"",""platform"":""ILLUMINA"",""biosample"":""SAMEA111328930"",""longitude"":8.5374914,""sra_study"":""ERP131230"",""assay_type"":""RNA-Seq"",""avgspotlen"":""302.0"",""bioproject"":""PRJEB46995"",""experiment"":""ERX9722292"",""insertsize"":""NA"",""instrument"":""Illumina NovaSeq 6000"",""sample_acc"":""ERS13426495"",""center_name"":""ETH ZURICH"",""releasedate"":""2022-09-15 00:00:00 UTC"",""geo_loc_name"":""[ETH ZURICH]"",""superkingdom"":""Eukaryota"",""geocoded_from"":""[ETH ZURICH]"",""librarylayout"":""PAIRED"",""librarysource"":""TRANSCRIPTOMIC"",""libraryselection"":""RANDOM"",""geocoding_provider"":""nominatim"",""metagraph_category"":""metazoa"",""geo_loc_name_country_calc"":""NA"",""_location_string_for_geocoding"":""[ETH ZURICH]"",""geo_loc_name_country_continent_calc"":""NA""}",,39-153=5,
exon_1,sra-logan-chunks-pex1,114,0.74026,3,114,ERR11560000,"Bos taurus",Switzerland,SAMEA113601213,PRJEB46995,taurine,RNA-Seq,"{""acc"":""ERR11560000"",""taxid"":""9913.0"",""title"":""taurine"",""access"":""public"",""mbases"":""48923.0"",""mbytes"":""14426.0"",""pubmed"":null,""status"":""live"",""consent"":""public"",""kingdom"":""Metazoa"",""latitude"":46.8182,""organism"":""Bos taurus"",""platform"":""ILLUMINA"",""biosample"":""SAMEA113601213"",""longitude"":8.2275,""sra_study"":""ERP131230"",""assay_type"":""RNA-Seq"",""avgspotlen"":""302.0"",""bioproject"":""PRJEB46995"",""experiment"":""ERX10964228"",""insertsize"":""NA"",""instrument"":""Illumina NovaSeq 6000"",""sample_acc"":""ERS15595595"",""center_name"":""ETH ZURICH"",""releasedate"":""2023-09-16 00:00:00 UTC"",""geo_loc_name"":""Switzerland"",""superkingdom"":""Eukaryota"",""geocoded_from"":""Switzerland"",""librarylayout"":""PAIRED"",""librarysource"":""TRANSCRIPTOMIC"",""libraryselection"":""RANDOM"",""geocoding_provider"":""cached"",""metagraph_category"":""metazoa"",""geo_loc_name_country_calc"":""Switzerland"",""_location_string_for_geocoding"":""Switzerland"",""geo_loc_name_country_continent_calc"":""Europe""}",,40-153=3,
exon_1,sra-logan-chunks-pex1,108,0.701299,3,108,ERR11530958,"Bos taurus",Switzerland,SAMEA113578982,PRJEB46995,taurine,RNA-Seq,"{""acc"":""ERR11530958"",""taxid"":""9913.0"",""title"":""taurine"",""access"":""public"",""mbases"":""39436.0"",""mbytes"":""11561.0"",""pubmed"":null,""status"":""live"",""consent"":""public"",""kingdom"":""Metazoa"",""latitude"":46.8182,""organism"":""Bos taurus"",""platform"":""ILLUMINA"",""biosample"":""SAMEA113578982"",""longitude"":8.2275,""sra_study"":""ERP131230"",""assay_type"":""RNA-Seq"",""avgspotlen"":""302.0"",""bioproject"":""PRJEB46995"",""experiment"":""ERX10935503"",""insertsize"":""NA"",""instrument"":""Illumina NovaSeq 6000"",""sample_acc"":""ERS15573894"",""center_name"":""ETH ZURICH"",""releasedate"":""2023-09-16 00:00:00 UTC"",""geo_loc_name"":""Switzerland"",""superkingdom"":""Eukaryota"",""geocoded_from"":""Switzerland"",""librarylayout"":""PAIRED"",""librarysource"":""TRANSCRIPTOMIC"",""libraryselection"":""RANDOM"",""geocoding_provider"":""cached"",""metagraph_category"":""metazoa"",""geo_loc_name_country_calc"":""Switzerland"",""_location_string_for_geocoding"":""Switzerland"",""geo_loc_name_country_continent_calc"":""Europe""}",,46-153=3,
exon_1,sra-logan-chunks-pex1,105,0.681818,4,105,SRR12790286,"Bos taurus","[OHANA BIOSCIENCES]",SAMN16357083,PRJNA667172,"Spermatids from Holstein bull",RNA-Seq,"{""acc"":""SRR12790286"",""taxid"":""9913.0"",""title"":""Spermatids from Holstein bull"",""access"":""public"",""mbases"":""228.0"",""mbytes"":""90.0"",""pubmed"":null,""status"":""live"",""consent"":""public"",""kingdom"":""Metazoa"",""organism"":""Bos taurus"",""platform"":""ILLUMINA"",""biosample"":""SAMN16357083"",""sra_study"":""SRP286678"",""assay_type"":""RNA-Seq"",""avgspotlen"":""150.0"",""bioproject"":""PRJNA667172"",""experiment"":""SRX9259455"",""insertsize"":""NA"",""instrument"":""NextSeq 500"",""sample_acc"":""SRS7490417"",""center_name"":""OHANA BIOSCIENCES"",""releasedate"":""2021-02-09 00:00:00 UTC"",""geo_loc_name"":""[OHANA BIOSCIENCES]"",""superkingdom"":""Eukaryota"",""geocoded_from"":""OHANA BIOSCIENCES"",""librarylayout"":""PAIRED"",""librarysource"":""TRANSCRIPTOMIC SINGLE CELL"",""geocoding_status"":""queued"",""libraryselection"":""Oligo-dT"",""metagraph_category"":""metazoa"",""geo_loc_name_country_calc"":""NA"",""_location_string_for_geocoding"":""[OHANA BIOSCIENCES]"",""geo_loc_name_country_continent_calc"":""NA"",""latitude"":45.4213237,""longitude"":-75.6811621,""geocoding_provider"":""nominatim""}",,18-104=4:136-153=4,
exon_1,sra-logan-chunks-pex1,103,0.668831,3,103,SRR16005352,"Bos taurus",[GEO],SAMN21546957,PRJNA765211,"Rumen papillae, S2502Nr34",RNA-Seq,"{""acc"":""SRR16005352"",""taxid"":""9913.0"",""title"":""Rumen papillae, S2502Nr34"",""access"":""public"",""mbases"":""12759.0"",""mbytes"":""4048.0"",""pubmed"":null,""status"":""live"",""consent"":""public"",""kingdom"":""Metazoa"",""latitude"":44.4745645,""organism"":""Bos taurus"",""platform"":""ILLUMINA"",""biosample"":""SAMN21546957"",""longitude"":8.8861313,""sra_study"":""SRP338190"",""assay_type"":""RNA-Seq"",""avgspotlen"":""196.0"",""bioproject"":""PRJNA765211"",""experiment"":""SRX12293030"",""insertsize"":""NA"",""instrument"":""Illumina NovaSeq 6000"",""sample_acc"":""SRS10266724"",""center_name"":""GEO"",""releasedate"":""2021-09-26 00:00:00 UTC"",""geo_loc_name"":""[GEO]"",""superkingdom"":""Eukaryota"",""geocoded_from"":""[GEO]"",""librarylayout"":""PAIRED"",""librarysource"":""TRANSCRIPTOMIC"",""libraryselection"":""cDNA"",""geocoding_provider"":""nominatim"",""metagraph_category"":""metazoa"",""geo_loc_name_country_calc"":""NA"",""_location_string_for_geocoding"":""[GEO]"",""geo_loc_name_country_continent_calc"":""NA""}",,0-102=3,
exon_1,sra-logan-chunks-pex1,96,0.623377,2,96,ERR6509807,"Bos taurus","[ETH ZURICH]",SAMEA9540612,PRJEB46995,"testis tissue",RNA-Seq,"{""acc"":""ERR6509807"",""taxid"":""9913.0"",""title"":""testis tissue"",""access"":""public"",""mbases"":""42071.0"",""mbytes"":""12726.0"",""pubmed"":null,""status"":""live"",""consent"":""public"",""kingdom"":""Metazoa"",""latitude"":47.413218,""organism"":""Bos taurus"",""platform"":""ILLUMINA"",""biosample"":""SAMEA9540612"",""longitude"":8.5374914,""sra_study"":""ERP131230"",""assay_type"":""RNA-Seq"",""avgspotlen"":""302.0"",""bioproject"":""PRJEB46995"",""experiment"":""ERX6136692"",""insertsize"":""NA"",""instrument"":""Illumina NovaSeq 6000"",""sample_acc"":""ERS7263383"",""center_name"":""ETH ZURICH"",""releasedate"":""2021-09-27 00:00:00 UTC"",""geo_loc_name"":""[ETH ZURICH]"",""superkingdom"":""Eukaryota"",""geocoded_from"":""[ETH ZURICH]"",""librarylayout"":""PAIRED"",""librarysource"":""TRANSCRIPTOMIC"",""libraryselection"":""RANDOM"",""geocoding_provider"":""nominatim"",""metagraph_category"":""metazoa"",""geo_loc_name_country_calc"":""NA"",""_location_string_for_geocoding"":""[ETH ZURICH]"",""geo_loc_name_country_continent_calc"":""NA""}",,58-153=2,
exon_1,sra-logan-chunks-pex1,94,0.61039,3,94,ERR6509798,"Bos taurus","[ETH ZURICH]",SAMEA9540603,PRJEB46995,"testis tissue",RNA-Seq,"{""acc"":""ERR6509798"",""taxid"":""9913.0"",""title"":""testis tissue"",""access"":""public"",""mbases"":""41490.0"",""mbytes"":""12542.0"",""pubmed"":null,""status"":""live"",""consent"":""public"",""kingdom"":""Metazoa"",""latitude"":47.413218,""organism"":""Bos taurus"",""platform"":""ILLUMINA"",""biosample"":""SAMEA9540603"",""longitude"":8.5374914,""sra_study"":""ERP131230"",""assay_type"":""RNA-Seq"",""avgspotlen"":""302.0"",""bioproject"":""PRJEB46995"",""experiment"":""ERX6136683"",""insertsize"":""NA"",""instrument"":""Illumina NovaSeq 6000"",""sample_acc"":""ERS7263374"",""center_name"":""ETH ZURICH"",""releasedate"":""2021-09-27 00:00:00 UTC"",""geo_loc_name"":""[ETH ZURICH]"",""superkingdom"":""Eukaryota"",""geocoded_from"":""[ETH ZURICH]"",""librarylayout"":""PAIRED"",""librarysource"":""TRANSCRIPTOMIC"",""libraryselection"":""RANDOM"",""geocoding_provider"":""nominatim"",""metagraph_category"":""metazoa"",""geo_loc_name_country_calc"":""NA"",""_location_string_for_geocoding"":""[ETH ZURICH]"",""geo_loc_name_country_continent_calc"":""NA""}",,60-153=3,
exon_1,sra-logan-chunks-pex1,93,0.603896,5,93,ERR10186702,"Bos taurus","[ETH ZURICH]",SAMEA111328929,PRJEB46995,taurine,RNA-Seq,"{""acc"":""ERR10186702"",""taxid"":""9913.0"",""title"":""taurine"",""access"":""public"",""mbases"":""42555.0"",""mbytes"":""12183.0"",""pubmed"":null,""status"":""live"",""consent"":""public"",""kingdom"":""Metazoa"",""latitude"":47.413218,""organism"":""Bos taurus"",""platform"":""ILLUMINA"",""biosample"":""SAMEA111328929"",""longitude"":8.5374914,""sra_study"":""ERP131230"",""assay_type"":""RNA-Seq"",""avgspotlen"":""302.0"",""bioproject"":""PRJEB46995"",""experiment"":""ERX9722291"",""insertsize"":""NA"",""instrument"":""Illumina NovaSeq 6000"",""sample_acc"":""ERS13426494"",""center_name"":""ETH ZURICH"",""releasedate"":""2022-09-15 00:00:00 UTC"",""geo_loc_name"":""[ETH ZURICH]"",""superkingdom"":""Eukaryota"",""geocoded_from"":""[ETH ZURICH]"",""librarylayout"":""PAIRED"",""librarysource"":""TRANSCRIPTOMIC"",""libraryselection"":""RANDOM"",""geocoding_provider"":""nominatim"",""metagraph_category"":""metazoa"",""geo_loc_name_country_calc"":""NA"",""_location_string_for_geocoding"":""[ETH ZURICH]"",""geo_loc_name_country_continent_calc"":""NA""}",,61-153=5,
exon_1,sra-logan-chunks-pex1,93,0.603896,4,93,ERR6509744,"Bos taurus","[ETH ZURICH]",SAMEA9540549,PRJEB46995,"testis tissue",RNA-Seq,"{""acc"":""ERR6509744"",""taxid"":""9913.0"",""title"":""testis tissue"",""access"":""public"",""mbases"":""37633.0"",""mbytes"":""11454.0"",""pubmed"":null,""status"":""live"",""consent"":""public"",""kingdom"":""Metazoa"",""latitude"":47.413218,""organism"":""Bos taurus"",""platform"":""ILLUMINA"",""biosample"":""SAMEA9540549"",""longitude"":8.5374914,""sra_study"":""ERP131230"",""assay_type"":""RNA-Seq"",""avgspotlen"":""302.0"",""bioproject"":""PRJEB46995"",""experiment"":""ERX6136629"",""insertsize"":""NA"",""instrument"":""Illumina NovaSeq 6000"",""sample_acc"":""ERS7263320"",""center_name"":""ETH ZURICH"",""releasedate"":""2021-09-27 00:00:00 UTC"",""geo_loc_name"":""[ETH ZURICH]"",""superkingdom"":""Eukaryota"",""geocoded_from"":""[ETH ZURICH]"",""librarylayout"":""PAIRED"",""librarysource"":""TRANSCRIPTOMIC"",""libraryselection"":""RANDOM"",""geocoding_provider"":""nominatim"",""metagraph_category"":""metazoa"",""geo_loc_name_country_calc"":""NA"",""_location_string_for_geocoding"":""[ETH ZURICH]"",""geo_loc_name_country_continent_calc"":""NA""}",,61-153=4,
exon_1,sra-logan-chunks-pex1,93,0.603896,4,93,ERR11530959,"Bos taurus",Switzerland,SAMEA113578981,PRJEB46995,taurine,RNA-Seq,"{""acc"":""ERR11530959"",""taxid"":""9913.0"",""title"":""taurine"",""access"":""public"",""mbases"":""42579.0"",""mbytes"":""12554.0"",""pubmed"":null,""status"":""live"",""consent"":""public"",""kingdom"":""Metazoa"",""latitude"":46.8182,""organism"":""Bos taurus"",""platform"":""ILLUMINA"",""biosample"":""SAMEA113578981"",""longitude"":8.2275,""sra_study"":""ERP131230"",""assay_type"":""RNA-Seq"",""avgspotlen"":""302.0"",""bioproject"":""PRJEB46995"",""experiment"":""ERX10935504"",""insertsize"":""NA"",""instrument"":""Illumina NovaSeq 6000"",""sample_acc"":""ERS15573893"",""center_name"":""ETH ZURICH"",""releasedate"":""2023-09-16 00:00:00 UTC"",""geo_loc_name"":""Switzerland"",""superkingdom"":""Eukaryota"",""geocoded_from"":""Switzerland"",""librarylayout"":""PAIRED"",""librarysource"":""TRANSCRIPTOMIC"",""libraryselection"":""RANDOM"",""geocoding_provider"":""cached"",""metagraph_category"":""metazoa"",""geo_loc_name_country_calc"":""Switzerland"",""_location_string_for_geocoding"":""Switzerland"",""geo_loc_name_country_continent_calc"":""Europe""}",,61-153=4,
exon_1,sra-logan-chunks-pex1,93,0.603896,3,93,ERR11560019,"Bos taurus",Switzerland,SAMEA113601232,PRJEB46995,taurine,RNA-Seq,"{""acc"":""ERR11560019"",""taxid"":""9913.0"",""title"":""taurine"",""access"":""public"",""mbases"":""32066.0"",""mbytes"":""9496.0"",""pubmed"":null,""status"":""live"",""consent"":""public"",""kingdom"":""Metazoa"",""latitude"":46.8182,""organism"":""Bos taurus"",""platform"":""ILLUMINA"",""biosample"":""SAMEA113601232"",""longitude"":8.2275,""sra_study"":""ERP131230"",""assay_type"":""RNA-Seq"",""avgspotlen"":""302.0"",""bioproject"":""PRJEB46995"",""experiment"":""ERX10964247"",""insertsize"":""NA"",""instrument"":""Illumina NovaSeq 6000"",""sample_acc"":""ERS15595614"",""center_name"":""ETH ZURICH"",""releasedate"":""2023-09-16 00:00:00 UTC"",""geo_loc_name"":""Switzerland"",""superkingdom"":""Eukaryota"",""geocoded_from"":""Switzerland"",""librarylayout"":""PAIRED"",""librarysource"":""TRANSCRIPTOMIC"",""libraryselection"":""RANDOM"",""geocoding_provider"":""cached"",""metagraph_category"":""metazoa"",""geo_loc_name_country_calc"":""Switzerland"",""_location_string_for_geocoding"":""Switzerland"",""geo_loc_name_country_continent_calc"":""Europe""}",,61-153=3,
exon_1,sra-logan-chunks-pex1,92,0.597403,4,92,ERR6509778,"Bos taurus","[ETH ZURICH]",SAMEA9540583,PRJEB46995,"testis tissue",RNA-Seq,"{""acc"":""ERR6509778"",""taxid"":""9913.0"",""title"":""testis tissue"",""access"":""public"",""mbases"":""40229.0"",""mbytes"":""12228.0"",""pubmed"":null,""status"":""live"",""consent"":""public"",""kingdom"":""Metazoa"",""latitude"":47.413218,""organism"":""Bos taurus"",""platform"":""ILLUMINA"",""biosample"":""SAMEA9540583"",""longitude"":8.5374914,""sra_study"":""ERP131230"",""assay_type"":""RNA-Seq"",""avgspotlen"":""302.0"",""bioproject"":""PRJEB46995"",""experiment"":""ERX6136663"",""insertsize"":""NA"",""instrument"":""Illumina NovaSeq 6000"",""sample_acc"":""ERS7263354"",""center_name"":""ETH ZURICH"",""releasedate"":""2021-09-27 00:00:00 UTC"",""geo_loc_name"":""[ETH ZURICH]"",""superkingdom"":""Eukaryota"",""geocoded_from"":""[ETH ZURICH]"",""librarylayout"":""PAIRED"",""librarysource"":""TRANSCRIPTOMIC"",""libraryselection"":""RANDOM"",""geocoding_provider"":""nominatim"",""metagraph_category"":""metazoa"",""geo_loc_name_country_calc"":""NA"",""_location_string_for_geocoding"":""[ETH ZURICH]"",""geo_loc_name_country_continent_calc"":""NA""}",,0-91=4,
exon_1,sra-logan-chunks-pex1,91,0.590909,4,91,ERR11560159,"Bos taurus",Switzerland,SAMEA113601370,PRJEB46995,taurine,RNA-Seq,"{""acc"":""ERR11560159"",""taxid"":""9913.0"",""title"":""taurine"",""access"":""public"",""mbases"":""45929.0"",""mbytes"":""13720.0"",""pubmed"":null,""status"":""live"",""consent"":""public"",""kingdom"":""Metazoa"",""latitude"":46.8182,""organism"":""Bos taurus"",""platform"":""ILLUMINA"",""biosample"":""SAMEA113601370"",""longitude"":8.2275,""sra_study"":""ERP131230"",""assay_type"":""RNA-Seq"",""avgspotlen"":""302.0"",""bioproject"":""PRJEB46995"",""experiment"":""ERX10964387"",""insertsize"":""NA"",""instrument"":""Illumina NovaSeq 6000"",""sample_acc"":""ERS15595752"",""center_name"":""ETH ZURICH"",""releasedate"":""2023-09-16 00:00:00 UTC"",""geo_loc_name"":""Switzerland"",""superkingdom"":""Eukaryota"",""geocoded_from"":""Switzerland"",""librarylayout"":""PAIRED"",""librarysource"":""TRANSCRIPTOMIC"",""libraryselection"":""RANDOM"",""geocoding_provider"":""cached"",""metagraph_category"":""metazoa"",""geo_loc_name_country_calc"":""Switzerland"",""_location_string_for_geocoding"":""Switzerland"",""geo_loc_name_country_continent_calc"":""Europe""}",,63-153=4,
exon_1,sra-logan-chunks-pex1,91,0.590909,4,91,ERR11560168,"Bos taurus",Switzerland,SAMEA113601379,PRJEB46995,taurine,RNA-Seq,"{""acc"":""ERR11560168"",""taxid"":""9913.0"",""title"":""taurine"",""access"":""public"",""mbases"":""42130.0"",""mbytes"":""12507.0"",""pubmed"":null,""status"":""live"",""consent"":""public"",""kingdom"":""Metazoa"",""latitude"":46.8182,""organism"":""Bos taurus"",""platform"":""ILLUMINA"",""biosample"":""SAMEA113601379"",""longitude"":8.2275,""sra_study"":""ERP131230"",""assay_type"":""RNA-Seq"",""avgspotlen"":""302.0"",""bioproject"":""PRJEB46995"",""experiment"":""ERX10964396"",""insertsize"":""NA"",""instrument"":""Illumina NovaSeq 6000"",""sample_acc"":""ERS15595761"",""center_name"":""ETH ZURICH"",""releasedate"":""2023-09-16 00:00:00 UTC"",""geo_loc_name"":""Switzerland"",""superkingdom"":""Eukaryota"",""geocoded_from"":""Switzerland"",""librarylayout"":""PAIRED"",""librarysource"":""TRANSCRIPTOMIC"",""libraryselection"":""RANDOM"",""geocoding_provider"":""cached"",""metagraph_category"":""metazoa"",""geo_loc_name_country_calc"":""Switzerland"",""_location_string_for_geocoding"":""Switzerland"",""geo_loc_name_country_continent_calc"":""Europe""}",,63-153=4,
exon_1,sra-logan-chunks-pex1,90,0.584416,3,90,SRR7175529,"Bos taurus","[NORTHWEST A&F UNIVERSITY]",SAMN09205187,PRJNA471564,A2,RNA-Seq,"{""acc"":""SRR7175529"",""taxid"":""9913.0"",""title"":""A2"",""access"":""public"",""mbases"":""14903.0"",""mbytes"":""5876.0"",""pubmed"":null,""status"":""live"",""consent"":""public"",""kingdom"":""Metazoa"",""latitude"":34.2617412,""organism"":""Bos taurus"",""platform"":""ILLUMINA"",""biosample"":""SAMN09205187"",""longitude"":108.0641068,""sra_study"":""SRP148084"",""assay_type"":""RNA-Seq"",""avgspotlen"":""300.0"",""bioproject"":""PRJNA471564"",""experiment"":""SRX4093095"",""insertsize"":""NA"",""instrument"":""Illumina HiSeq 4000"",""sample_acc"":""SRS3309609"",""center_name"":""NORTHWEST A&F UNIVERSITY"",""releasedate"":""2019-04-15 00:00:00 UTC"",""geo_loc_name"":""[NORTHWEST A&F UNIVERSITY]"",""superkingdom"":""Eukaryota"",""geocoded_from"":""NORTHWEST A&F UNIVERSITY"",""librarylayout"":""PAIRED"",""librarysource"":""TRANSCRIPTOMIC"",""libraryselection"":""RT-PCR"",""geocoding_provider"":""nominatim"",""metagraph_category"":""metazoa"",""geo_loc_name_country_calc"":""NA"",""_location_string_for_geocoding"":""[NORTHWEST A&F UNIVERSITY]"",""geo_loc_name_country_continent_calc"":""NA""}",,0-89=3,
exon_1,sra-logan-chunks-pex1,89,0.577922,2,89,ERR6509777,"Bos taurus","[ETH ZURICH]",SAMEA9540582,PRJEB46995,"testis tissue",RNA-Seq,"{""acc"":""ERR6509777"",""taxid"":""9913.0"",""title"":""testis tissue"",""access"":""public"",""mbases"":""33658.0"",""mbytes"":""10219.0"",""pubmed"":null,""status"":""live"",""consent"":""public"",""kingdom"":""Metazoa"",""latitude"":47.413218,""organism"":""Bos taurus"",""platform"":""ILLUMINA"",""biosample"":""SAMEA9540582"",""longitude"":8.5374914,""sra_study"":""ERP131230"",""assay_type"":""RNA-Seq"",""avgspotlen"":""302.0"",""bioproject"":""PRJEB46995"",""experiment"":""ERX6136662"",""insertsize"":""NA"",""instrument"":""Illumina NovaSeq 6000"",""sample_acc"":""ERS7263353"",""center_name"":""ETH ZURICH"",""releasedate"":""2021-09-27 00:00:00 UTC"",""geo_loc_name"":""[ETH ZURICH]"",""superkingdom"":""Eukaryota"",""geocoded_from"":""[ETH ZURICH]"",""librarylayout"":""PAIRED"",""librarysource"":""TRANSCRIPTOMIC"",""libraryselection"":""RANDOM"",""geocoding_provider"":""nominatim"",""metagraph_category"":""metazoa"",""geo_loc_name_country_calc"":""NA"",""_location_string_for_geocoding"":""[ETH ZURICH]"",""geo_loc_name_country_continent_calc"":""NA""}",,65-153=2,
exon_1,sra-logan-chunks-pex1,87,0.564935,4,87,ERR6509742,"Bos taurus","[ETH ZURICH]",SAMEA9540547,PRJEB46995,"testis tissue",RNA-Seq,"{""acc"":""ERR6509742"",""taxid"":""9913.0"",""title"":""testis tissue"",""access"":""public"",""mbases"":""36040.0"",""mbytes"":""10877.0"",""pubmed"":null,""status"":""live"",""consent"":""public"",""kingdom"":""Metazoa"",""latitude"":47.413218,""organism"":""Bos taurus"",""platform"":""ILLUMINA"",""biosample"":""SAMEA9540547"",""longitude"":8.5374914,""sra_study"":""ERP131230"",""assay_type"":""RNA-Seq"",""avgspotlen"":""302.0"",""bioproject"":""PRJEB46995"",""experiment"":""ERX6136627"",""insertsize"":""NA"",""instrument"":""Illumina NovaSeq 6000"",""sample_acc"":""ERS7263318"",""center_name"":""ETH ZURICH"",""releasedate"":""2021-09-27 00:00:00 UTC"",""geo_loc_name"":""[ETH ZURICH]"",""superkingdom"":""Eukaryota"",""geocoded_from"":""[ETH ZURICH]"",""librarylayout"":""PAIRED"",""librarysource"":""TRANSCRIPTOMIC"",""libraryselection"":""RANDOM"",""geocoding_provider"":""nominatim"",""metagraph_category"":""metazoa"",""geo_loc_name_country_calc"":""NA"",""_location_string_for_geocoding"":""[ETH ZURICH]"",""geo_loc_name_country_continent_calc"":""NA""}",,0-86=4,
exon_1,sra-logan-chunks-pex1,86,0.558442,4,86,SRR2927480,"Bos taurus",[GEO],SAMN04240336,PRJNA301141,in_vivo_male_A2,RNA-Seq,"{""acc"":""SRR2927480"",""taxid"":""9913.0"",""title"":""in_vivo_male_A2"",""access"":""public"",""mbases"":""3255.0"",""mbytes"":""2082.0"",""pubmed"":null,""status"":""live"",""consent"":""public"",""kingdom"":""Metazoa"",""latitude"":44.4745645,""organism"":""Bos taurus"",""platform"":""ILLUMINA"",""biosample"":""SAMN04240336"",""longitude"":8.8861313,""sra_study"":""SRP065800"",""assay_type"":""RNA-Seq"",""avgspotlen"":""200.0"",""bioproject"":""PRJNA301141"",""experiment"":""SRX1418077"",""insertsize"":""NA"",""instrument"":""Illumina HiSeq 2000"",""sample_acc"":""SRS1152235"",""center_name"":""GEO"",""releasedate"":""2016-01-28 00:00:00 UTC"",""geo_loc_name"":""[GEO]"",""superkingdom"":""Eukaryota"",""geocoded_from"":""[GEO]"",""librarylayout"":""PAIRED"",""librarysource"":""TRANSCRIPTOMIC"",""libraryselection"":""cDNA"",""geocoding_provider"":""nominatim"",""metagraph_category"":""metazoa"",""geo_loc_name_country_calc"":""NA"",""_location_string_for_geocoding"":""[GEO]"",""geo_loc_name_country_continent_calc"":""NA""}",,68-153=4,
exon_1,sra-logan-chunks-pex1,83,0.538961,18,83,SRR9136450,"Bos taurus",[GEO],SAMN11874439,PRJNA545120,Bull1_RNA_seq_2,RNA-Seq,"{""acc"":""SRR9136450"",""taxid"":""9913.0"",""title"":""Bull1_RNA_seq_2"",""access"":""public"",""mbases"":""20696.0"",""mbytes"":""8134.0"",""pubmed"":null,""status"":""live"",""consent"":""public"",""kingdom"":""Metazoa"",""latitude"":44.4745645,""organism"":""Bos taurus"",""platform"":""ILLUMINA"",""biosample"":""SAMN11874439"",""longitude"":8.8861313,""sra_study"":""SRP199654"",""assay_type"":""RNA-Seq"",""avgspotlen"":""300.0"",""bioproject"":""PRJNA545120"",""experiment"":""SRX5910199"",""insertsize"":""NA"",""instrument"":""Illumina HiSeq 4000"",""sample_acc"":""SRS4829090"",""center_name"":""GEO"",""releasedate"":""2020-01-02 00:00:00 UTC"",""geo_loc_name"":""[GEO]"",""superkingdom"":""Eukaryota"",""geocoded_from"":""[GEO]"",""librarylayout"":""PAIRED"",""librarysource"":""TRANSCRIPTOMIC"",""libraryselection"":""cDNA"",""geocoding_provider"":""nominatim"",""metagraph_category"":""metazoa"",""geo_loc_name_country_calc"":""NA"",""_location_string_for_geocoding"":""[GEO]"",""geo_loc_name_country_continent_calc"":""NA""}",,0-82=18,
exon_1,sra-logan-chunks-pex1,82,0.532468,4,82,ERR3281164,"Bos taurus","[Centre of Genomic Regulation (Barcelona)]",SAMEA5567758,PRJEB32183,D39_Female2,RNA-Seq,"{""acc"":""ERR3281164"",""taxid"":""9913.0"",""title"":""D39_Female2"",""access"":""public"",""mbases"":""16199.0"",""mbytes"":""7836.0"",""pubmed"":null,""status"":""live"",""consent"":""public"",""kingdom"":""Metazoa"",""latitude"":41.3825802,""organism"":""Bos taurus"",""platform"":""ILLUMINA"",""biosample"":""SAMEA5567758"",""longitude"":2.177073,""sra_study"":""ERP114831"",""assay_type"":""RNA-Seq"",""avgspotlen"":""250.0"",""bioproject"":""PRJEB32183"",""experiment"":""ERX3307949"",""insertsize"":""NA"",""instrument"":""Illumina HiSeq 2500"",""sample_acc"":""ERS3369782"",""center_name"":""Centre of Genomic Regulation (Barcelona)"",""releasedate"":""2019-09-03 00:00:00 UTC"",""superkingdom"":""Eukaryota"",""geocoded_from"":""Centre of Genomic Regulation (Barcelona)"",""librarylayout"":""PAIRED"",""librarysource"":""TRANSCRIPTOMIC"",""libraryselection"":""PolyA"",""geocoding_provider"":""nominatim"",""metagraph_category"":""metazoa"",""geo_loc_name_country_calc"":""NA"",""geo_loc_name_country_continent_calc"":""NA"",""geo_loc_name"":null}",,72-153=4,
exon_1,sra-logan-chunks-pex1,82,0.532468,2,82,SRR16005353,"Bos taurus",[GEO],SAMN21546958,PRJNA765211,"Rumen papillae, S2502Nr35",RNA-Seq,"{""acc"":""SRR16005353"",""taxid"":""9913.0"",""title"":""Rumen papillae, S2502Nr35"",""access"":""public"",""mbases"":""18886.0"",""mbytes"":""6013.0"",""pubmed"":null,""status"":""live"",""consent"":""public"",""kingdom"":""Metazoa"",""latitude"":44.4745645,""organism"":""Bos taurus"",""platform"":""ILLUMINA"",""biosample"":""SAMN21546958"",""longitude"":8.8861313,""sra_study"":""SRP338190"",""assay_type"":""RNA-Seq"",""avgspotlen"":""194.0"",""bioproject"":""PRJNA765211"",""experiment"":""SRX12293031"",""insertsize"":""NA"",""instrument"":""Illumina NovaSeq 6000"",""sample_acc"":""SRS10266725"",""center_name"":""GEO"",""releasedate"":""2021-09-26 00:00:00 UTC"",""geo_loc_name"":""[GEO]"",""superkingdom"":""Eukaryota"",""geocoded_from"":""[GEO]"",""librarylayout"":""PAIRED"",""librarysource"":""TRANSCRIPTOMIC"",""libraryselection"":""cDNA"",""geocoding_provider"":""nominatim"",""metagraph_category"":""metazoa"",""geo_loc_name_country_calc"":""NA"",""_location_string_for_geocoding"":""[GEO]"",""geo_loc_name_country_continent_calc"":""NA""}",,72-153=2,
exon_1,sra-logan-chunks-pex1,80,0.519481,5,80,SRR12790262,"Bos taurus","[OHANA BIOSCIENCES]",SAMN16357083,PRJNA667172,"Spermatids from Holstein bull",RNA-Seq,"{""acc"":""SRR12790262"",""taxid"":""9913.0"",""title"":""Spermatids from Holstein bull"",""access"":""public"",""mbases"":""389.0"",""mbytes"":""156.0"",""pubmed"":null,""status"":""live"",""consent"":""public"",""kingdom"":""Metazoa"",""organism"":""Bos taurus"",""platform"":""ILLUMINA"",""biosample"":""SAMN16357083"",""sra_study"":""SRP286678"",""assay_type"":""RNA-Seq"",""avgspotlen"":""150.0"",""bioproject"":""PRJNA667172"",""experiment"":""SRX9259479"",""insertsize"":""NA"",""instrument"":""NextSeq 500"",""sample_acc"":""SRS7490417"",""center_name"":""OHANA BIOSCIENCES"",""releasedate"":""2021-02-09 00:00:00 UTC"",""geo_loc_name"":""[OHANA BIOSCIENCES]"",""superkingdom"":""Eukaryota"",""geocoded_from"":""OHANA BIOSCIENCES"",""librarylayout"":""PAIRED"",""librarysource"":""TRANSCRIPTOMIC SINGLE CELL"",""geocoding_status"":""queued"",""libraryselection"":""Oligo-dT"",""metagraph_category"":""metazoa"",""geo_loc_name_country_calc"":""NA"",""_location_string_for_geocoding"":""[OHANA BIOSCIENCES]"",""geo_loc_name_country_continent_calc"":""NA"",""latitude"":45.4213237,""longitude"":-75.6811621,""geocoding_provider"":""nominatim""}",,0-79=5,
exon_1,sra-logan-chunks-pex1,79,0.512987,4,79,ERR6509740,"Bos taurus","[ETH ZURICH]",SAMEA9540545,PRJEB46995,"testis tissue",RNA-Seq,"{""acc"":""ERR6509740"",""taxid"":""9913.0"",""title"":""testis tissue"",""access"":""public"",""mbases"":""43287.0"",""mbytes"":""13053.0"",""pubmed"":null,""status"":""live"",""consent"":""public"",""kingdom"":""Metazoa"",""latitude"":47.413218,""organism"":""Bos taurus"",""platform"":""ILLUMINA"",""biosample"":""SAMEA9540545"",""longitude"":8.5374914,""sra_study"":""ERP131230"",""assay_type"":""RNA-Seq"",""avgspotlen"":""302.0"",""bioproject"":""PRJEB46995"",""experiment"":""ERX6136625"",""insertsize"":""NA"",""instrument"":""Illumina NovaSeq 6000"",""sample_acc"":""ERS7263316"",""center_name"":""ETH ZURICH"",""releasedate"":""2021-09-27 00:00:00 UTC"",""geo_loc_name"":""[ETH ZURICH]"",""superkingdom"":""Eukaryota"",""geocoded_from"":""[ETH ZURICH]"",""librarylayout"":""PAIRED"",""librarysource"":""TRANSCRIPTOMIC"",""libraryselection"":""RANDOM"",""geocoding_provider"":""nominatim"",""metagraph_category"":""metazoa"",""geo_loc_name_country_calc"":""NA"",""_location_string_for_geocoding"":""[ETH ZURICH]"",""geo_loc_name_country_continent_calc"":""NA""}",,75-153=4,
exon_1,sra-logan-chunks-pex1,78,0.506494,4,78,ERR11559999,"Bos taurus",Switzerland,SAMEA113601212,PRJEB46995,taurine,RNA-Seq,"{""acc"":""ERR11559999"",""taxid"":""9913.0"",""title"":""taurine"",""access"":""public"",""mbases"":""45574.0"",""mbytes"":""13425.0"",""pubmed"":null,""status"":""live"",""consent"":""public"",""kingdom"":""Metazoa"",""latitude"":46.8182,""organism"":""Bos taurus"",""platform"":""ILLUMINA"",""biosample"":""SAMEA113601212"",""longitude"":8.2275,""sra_study"":""ERP131230"",""assay_type"":""RNA-Seq"",""avgspotlen"":""302.0"",""bioproject"":""PRJEB46995"",""experiment"":""ERX10964227"",""insertsize"":""NA"",""instrument"":""Illumina NovaSeq 6000"",""sample_acc"":""ERS15595594"",""center_name"":""ETH ZURICH"",""releasedate"":""2023-09-16 00:00:00 UTC"",""geo_loc_name"":""Switzerland"",""superkingdom"":""Eukaryota"",""geocoded_from"":""Switzerland"",""librarylayout"":""PAIRED"",""librarysource"":""TRANSCRIPTOMIC"",""libraryselection"":""RANDOM"",""geocoding_provider"":""cached"",""metagraph_category"":""metazoa"",""geo_loc_name_country_calc"":""Switzerland"",""_location_string_for_geocoding"":""Switzerland"",""geo_loc_name_country_continent_calc"":""Europe""}",,76-153=4,
exon_1,sra-logan-chunks-pex1,78,0.506494,3,78,ERR6509771,"Bos taurus","[ETH ZURICH]",SAMEA9540576,PRJEB46995,"testis tissue",RNA-Seq,"{""acc"":""ERR6509771"",""taxid"":""9913.0"",""title"":""testis tissue"",""access"":""public"",""mbases"":""42489.0"",""mbytes"":""12925.0"",""pubmed"":null,""status"":""live"",""consent"":""public"",""kingdom"":""Metazoa"",""latitude"":47.413218,""organism"":""Bos taurus"",""platform"":""ILLUMINA"",""biosample"":""SAMEA9540576"",""longitude"":8.5374914,""sra_study"":""ERP131230"",""assay_type"":""RNA-Seq"",""avgspotlen"":""302.0"",""bioproject"":""PRJEB46995"",""experiment"":""ERX6136656"",""insertsize"":""NA"",""instrument"":""Illumina NovaSeq 6000"",""sample_acc"":""ERS7263347"",""center_name"":""ETH ZURICH"",""releasedate"":""2021-09-27 00:00:00 UTC"",""geo_loc_name"":""[ETH ZURICH]"",""superkingdom"":""Eukaryota"",""geocoded_from"":""[ETH ZURICH]"",""librarylayout"":""PAIRED"",""librarysource"":""TRANSCRIPTOMIC"",""libraryselection"":""RANDOM"",""geocoding_provider"":""nominatim"",""metagraph_category"":""metazoa"",""geo_loc_name_country_calc"":""NA"",""_location_string_for_geocoding"":""[ETH ZURICH]"",""geo_loc_name_country_continent_calc"":""NA""}",,46-123=3,
